Mašinos id; Nuomuojuosi nuo šiandien +- x day; +- x seconds; Nuomuojuosi iki šiandien +- x day; +- x seconds
0;+0 day;+0 seconds;+50 day;+0 seconds
1;+0 day;+0 seconds;+50 day;+0 seconds
2;+0 day;+0 seconds;+50 day;+0 seconds
3;+0 day;+0 seconds;+50 day;+0 seconds
4;+0 day;+0 seconds;+50 day;+0 seconds
5;+0 day;+0 seconds;+50 day;+0 seconds
6;+0 day;+0 seconds;+50 day;+0 seconds
7;+0 day;+0 seconds;+50 day;+0 seconds
8;+0 day;+0 seconds;+50 day;+0 seconds
9;+0 day;+0 seconds;+50 day;+0 seconds
10;+0 day;+0 seconds;+50 day;+0 seconds
11;+0 day;+0 seconds;+50 day;+0 seconds
12;+0 day;+0 seconds;+50 day;+0 seconds
13;+0 day;+0 seconds;+50 day;+0 seconds
14;+0 day;+0 seconds;+50 day;+0 seconds
15;+0 day;+0 seconds;+50 day;+0 seconds
16;+0 day;+0 seconds;+50 day;+0 seconds
17;+0 day;+0 seconds;+50 day;+0 seconds