El-paštas; Tel. nr.; Vardas
xgelytex@gmail.com;+37060555555;Karolina Javačiūtė
vyctoriuxx@gmail.com;+37060512355;Viktoras Verijivičius
rokas.lasaravicius@gmail.com;+37060555558;Rokas Lasaravičius
marius.gragelis@gmail.com;+37060322132;Marius Gragelis
rokas.palonenas@gmail.com;+37060322115;Rokas Palonenas
lukas.paukstis@gmail.com;+37060633226;Lukas Paukštis
keite.veronina@gmail.com;+37060321452;Keitė Veronina
bartas.pelinas@gmail.com;+37060323112;Bartas Pelinas
simonaxxx@gmail.com;+37060999778;Simona Gerulė
lukas.keris@gmail.com;+37060566445;Lukas Keris
rokas.mabiulis@gmail.com;+37060588336;Rokas Mabiulis
guste.ralaite@gmail.com;+37060255885;Gustė Ralaitė
giedre.ralaite@gmail.com;+37060322113;Giedrė Ralaitė
martynas.kavaliauskas@gmail.com;+37060322336;Martynas Kavaliauskas
mante.kelvinaite@gmail.com;+37060544332;Mantė Kelvinaitė
martynas.kelvinas@gmail.com;+37060377986;Martynas Kelvinas
rokas.lasavis@gmail.com;+37060855339;Rokas Lasavis
vikroas.berulis@gmail.com;+37060223983;Viktoras Burelis
linas.ramulikas@gmail.com;+37065839259;Linas Ramulikas
mantas.gretai@gmail.com;+37063673859;Mantas Greitai
tomas.ruska@gmail.com;+37065839647;Tomas Ruskas
rimas.mauricijus@gmail.com;+37064859639;Romas Mauricijus
Beniusis.herkus232@gmail.com;+37065839257;Herkus Beniusis
stanislavas.didziulis@gmai.com;+37063025639;Stanislavas Didžiulis